"var","description"
"SEQN","ID"
"RIDAGEYR","age (years)"
"female","female sex"
"male","male sex"
"black","Black"
"mexican","Mexican American"
"other_hispanic","Other Hispanic"
"other_eth","Other Race/Ethnicity"
"SES_LEVEL","SES Tertile (0, 1, 2)"
"education","Education (< HS, =HS, >HS)"
"WTMEC2YR","2 year weight"
"SDMVPSU","PSU"
"SDMVSTRA","Strata"
"SDDSRVYR","Survey year (1=1999-2000, 2=2001-2002, 3=2003-2004, 4=2005-2006)"
"WTMEC4YR","4 year weight"
"area","Area (PSU + Strata)"
"chronic_disease_count","count of chronic diseases"
"any_chronic_disease","> 1 chronic disease"
"any_cad","Any Heart Disease"
"DMDMARTL","Martial Status"
"INDFMPIR","Poverty to income ratio"
"income","Categorical Income"
"white","Non-Hispanic White"
"age_0_18","age 0-18"
"age_18_44","age 18-44"
"age_44_65","age 44-65"
"age_65_plus","> age 65"
"DMDBORN","Born outside of US?"
"ELIGSTAT","Eligible for Mortality Followup in 2006"
"MORTSTAT","1= died, 0=living at time of censorship"
"PERMTH_INT","time to death or censorship from time of interview"
"PERMTH_EXAM","time to death or censorship from time of exam"
"CAUSE_AVL","cause of death available"
"UCODE","code of death"
"DIABETES","cause of death diabetes"
"HIPFRACT","cause of death hipfract"
"HYPERTEN","cause of death hyptertension"
